titre,texte,note,date
10 mails pour se faire rembourser,"10 mails pour se faire rembourser, 3jours pour avoir une personne au t√©l√©phone !!! Les conseillers font tout pour √©viter de faire le remboursement !!! Il faut r√©√©xpliquer 4 fois √† des conseillers diff√©rents. Un vrai casse t√™te. Je d√©conseille fortement. J ai eu 2 autres compl√©mentaires par le pass√© et c √©tait beaucoup plus simple. ",1,2026-01-21T00:16:55.000Z
Mutuelle tr√®s d√©cevante : remboursement lentilles insuffisant !!,"Je suis tr√®s d√©√ßue par cette mutuelle. Depuis des ann√©es, mes lentilles √©taient rembours√©es sans probl√®me, mais cette ann√©e, ils ne remboursent plus que 50 ‚Ç¨ hors Alan Shop, contre 180 ‚Ç¨ sur leur site. Or, Alan Shop ne permet pas le suivi personnalis√© dont j‚Äôai besoin.Ils forcent l‚Äôachat sur leur plateforme plut√¥t que de soutenir les commer√ßants locaux. J‚Äôai des corrections qui changent r√©guli√®rement et mon opticien propose des lentilles d‚Äôessai et un suivi indispensable, impossible via Alan Shop. Cette nouvelle politique ne prend pas en compte les besoins m√©dicaux r√©els. Tr√®s d√©√ßue, je ne recommande pas cette mutuelle.",1,2026-01-19T18:15:15.000Z
Quelle deception....,"Alan est parfait quand l outil de traitement automatique fonctionne... en revanche quand ce n est plus le cas, vous entrez dans les meandres profonds et avec un dossier litteralement abandonn√©, personne a qui parler (le SAV ne peut que ""remonter"" le point, mais ne peut agir sur rien).La promesse de delais courts et simplifies s effondre litt√©ralement, au dela de consommer un temps fou pour exiger un retour...",1,2026-01-19T16:22:54.000Z
J‚Äôaurais mis 0 si j‚Äôavais pu.,"C‚Äôest de loin la PIRE mutuelle que vous pouvez choisir. Ils se cachent derri√®re une belle interface et une appli gamifi√©e pour mieux voler votre argent.Apr√®s m‚Äôavoir valid√© un soin, ils reviennent sur leur d√©cision plusieurs mois plus tard et me mettent un ‚Äòtrop per√ßu‚Äô injustifi√©.J‚Äôai beau leur demander √† plusieurs reprises la raison de cette modification, mais ils font l‚Äôautruche et r√©pondent totalement √† c√¥t√© a chaque fois.Ils ont profit√© que la date de fin de mon contrat approchait pour faire comptabiliser tous les derniers soins - factur√©s, re√ßus et pay√©s plusieurs mois avant ladite date - apr√®s la fin du contrat et m‚Äôobliger √† les rembourser.",1,2026-01-16T21:37:00.000Z
Probl√®me pr√©voyance,"Tout allait bien jusqu'√† ce que je passe en travailleur handicap√©. Dossier bloqu√© pendant 5 mois et, on m'annonce toujours plus d'attente. Aucune r√©action de la part des conseillers lorsque je leur parle de ce d√©lai anormal. J'ai d√ª contacter la m√©diation de l'assurance ce jour.",1,2026-01-15T18:08:38.000Z
Alan force √† acheter les lentilles sur leur plateforme plut√¥t qu‚Äôun opticien de proximit√© ,"J‚Äôai re√ßu r√©cemment un mail d‚ÄôAlan disant qu‚Äôils changent leur politique de remboursement de lentilles. Le voici : ¬´ Cette ann√©e, votre couverture optique change pour vous donner plus de valeur et moins de d√©marches. Achetez vos lentilles dans l‚Äôapplication Alan et b√©n√©ficiez de 180‚Ç¨ de forfait lentilles versus 85‚Ç¨ dans tout autre point de vente. ¬ª J‚Äôavais D√âJ√Ä 180 euros de forfait mais dans n‚Äôimporte quel point de vente. Ils pr√©sentent √ßa comme une avanc√©e mais en fait le forfait n‚Äôest pas meilleur (m√™me somme de 180 euros) sauf que je n‚Äôai plus le choix de pr√©f√©rer mon commer√ßant de proximit√©.En r√©sum√© ils nous forcent la main pour acheter les lentilles sur leur plateforme plut√¥t que de soutenir les commer√ßants locaux. Tout cela √©tant communiqu√© par un simple mail, comme si de rien n‚Äô√©tait.Je pense sinc√®rement changer de mutuelle. Mon opticien a pass√© plusieurs semaines √† me trouver les bonnes lentilles gratuitement (4 rendez-vous pour tester la r√©action de mon oeil √† diff√©rents types de lentilles) Je ne compte pas les l√¢cher d‚Äôun coup parce qu‚ÄôAlan pousse √† consommer sur leur plateforme.",1,2026-01-15T14:00:23.000Z
Franchement mutuelle au top,"Franchement mutuelle au top, remboursement super rapide et un Service clients √† l‚Äô√©coute et efficace. J‚Äôai vraiment rien √† dire.",5,2026-01-14T12:52:39.000Z
Au top ! ,"Franchement, ils sont g√©niaux. Remboursement ultra-rapide, service client au top, appli pratique et intuitive. En tant que freelance, c'est vraiment le top. ",5,2026-01-13T19:26:56.000Z
belle escroquerie," belle escroquerie.  Depuis le 1er janvier 2025, cette mutuelle est obligatoire pour tous les agents du minist√®re de l'economie. De ce que je constate la formule de base est a 70 ‚Ç¨ (pay√© 50% par l'agent, 50% par l'administration) or les soins de base (consultation d'un m√©decin g√©n√©raliste, d√©tartrage chez le dentiste ... sont rembours√©s a seulement 100% de la BRSS. Ce qui signifie que le montant du remboursement est le m√™me que si l'on n'avait pas de mutuelle. A titre comparatif, la mutuelle historique du minist√®re (Mgefi) etait a 45‚Ç¨ par mois avec de meilleurs remboursements.  Au final, c'est une belle escroquerie pour les agents, seul Alan est gagnant. Lamentable",1,2026-01-13T08:40:31.000Z
Rapide et pr√©cis,"Les r√©ponses apport√©es sur la validation d'un devis et les √©changes par tchat pour plus d'informations ont √©t√© tr√®s rapides, claires et pr√©cis, de plus, l'interlocutrice √©t√© tr√®s agr√©able. A recommander.",5,2026-01-12T12:26:40.000Z
Fuyez ! ,"Fuyez !! Client de chez Alan depuis 4 ans, j'ai vu les garanties qui diminuent drastiquement mais le prix des cotisations s'envoler (presque 100 euros par mois). A ce prix l√†, Alan se permet m√™me des choses non l√©gales comme demander des photos des paquets de lentilles ouverts en inscrivant un num√©ro dessus... (paquets que je n'ai pas gard√© puisque achet√© depuis 2 mois) et des bons de livraison que les opticiens ne veulent pas d√©livrer (et n'y sont pas tenus l√©galement). Bref on nage en plein non sens et on sent qu'ils font tout pour ne pas rembourser... Je r√©silie d√®s demain pour aller chez une vraie mutuelle, et pas une gamification de leur app qui ne sert √† rien ! ",1,2026-01-09T12:49:40.000Z
Service client parfait,Service client parfait,5,2026-01-08T13:25:00.000Z
Parfait ! ,"Retour tr√®s r√©actif √† ma demande qui a √©t√© r√©gl√©e en 10mn, avec m√™me une proposition meilleure que celle que j'avais demand√©e.",5,2026-01-05T20:31:29.000Z
Tr√®s bonne mutuelle,Remboursements tr√®s tr√®s rapides. Contact tr√®s facile et r√©ponses aux questions tr√®s rapides avec un tr√®s bon suivi,5,2026-01-05T15:46:25.000Z
R√©ponse un dimanche ,Samedi quand je pr√©sente ma carte √† la pharmacie on me pr√©vient que mes droits sont supprim√©s !Dimanche on me contacte pour m‚Äôexpliquer apr√®s investigations pourquoi.,5,2026-01-04T16:54:47.000Z
"R√©activit√©, bons conseils et suivi","R√©ponse tr√®s r√©active pourtant en p√©riode de f√™tes, bons conseils, et suivi jusqu'√† r√©solution du probl√®me. ",5,2026-01-03T22:18:35.000Z
Mutuelle √† fuir ,Mutuelle √† fuir ! Tr√®s ch√®re. Alan rechigne √† rembourser. La mutuelle refuse syst√©matiquement les documents transmis par les h√¥pitaux et demande des documents compl√©mentaires alors que les autres mutuelles n‚Äôen demandent pas. ,1,2026-01-02T10:11:00.000Z
Un jeu qui devient ¬´¬†obligatoire¬†¬ª ,"Le principe des d√©fis bien-√™tre est int√©ressant et peut motiver √† bouger un peu. En revanche, le syst√®me de ‚Äús√©rie‚Äù qui se r√©initialise si on ne fait pas de d√©fi chaque jour cr√©e une pression inutile. M√™me si les r√©compenses sont virtuelles, le fait de perdre ce qu‚Äôon a d√©j√† acquis donne une impression d‚Äôobligation plus que de motivation. En mati√®re de sant√©, chacun devrait pouvoir faire des pauses (fatigue, travail, r√®gles, douleurs, etc.) sans √™tre p√©nalis√©. Contrairement √† d‚Äôautres syst√®mes o√π les acquis restent acquis, ici la peur de perdre d√©courage plus qu‚Äôelle n‚Äôaide.",2,2025-12-29T14:07:16.000Z
"Scam, attention arnaque ! ",Comme la moiti√© des avis. Je confirme l'arnaque ! C'est une soci√©t√© de scam. Je parle √† des conseillers qui me font tourner en rond volontairement me demandant le m√™me justificatif en boucle pour ne pas rembourser. A ce jour aucun frais m√©dical n'a √©t√© rembours√© par cette mutuelle. Je vais en parler √† mon entreprise qui est victime de cette escroquerie. ,1,2025-12-27T02:16:17.000Z
L'enfer pour se faire rembourser,L'enfer pour se faire rembourser. Des justificatifs √† ralonge. Des conseillers qui ne r√©pondent pas. A fuir. ,1,2025-12-26T14:24:56.000Z
Depuis quelque jour j‚Äôessaie de rentrer‚Ä¶,Monsieur Abderrahman top m‚Äôas aid√©.Pr√©tendent avis ;Depuis quelque jour j‚Äôessaie de rentrer en contact afin pour y avoir du support car je suis un nouveau utilisateur sur la platform ainsi l‚Äôutilisation est difficile.Malgr√© cela reste difficile de parler via l‚Äôapplication ni mail‚Ä¶ Triste üòû ,5,2025-12-23T14:55:42.000Z
Une mutuelle super !,Une mutuelle super !J‚Äôadore application et son extr√™me facilit√© d‚Äôutilisation. Je n‚Äôai eu aucun probl√®me de remboursement qui sont presque instantan√©. Et le syst√®me de Berry dans l‚Äôapplication est super !,5,2025-12-21T17:53:52.000Z
A FUIR!!!!,"A FUIR!!!!! Mutuelle qui cherche n'importe quel pr√©texte pour ne pas rembourser!!!! Attention d√©s 2026 celle-ci vous imposera de commander vos lentilles uniquement sur leur plateforme sinon ils ne vous rembourseront pas, de quoi r√©cup√©rer l'argent qu'ils nous doivent!!! De la concurrence deloyal, vous n'avez pas honte!!!!",1,2025-12-18T18:25:13.000Z
Personnel tres r√©actif pour r√©pondre et‚Ä¶,Personnel tres r√©actif pour r√©pondre et trouver des solutions aux differents probl√®mes et questions.,5,2025-12-13T10:03:57.000Z
Service client rapide et efficace,Service client rapide et efficace ,5,2025-12-12T11:44:42.000Z
La r√©activit√© et les remboursements‚Ä¶,"La r√©activit√© et les remboursements sont tr√®s rapides, appli ultra facile. Je recommande !",5,2025-12-05T12:54:29.000Z
Bonne exp√©rience  rapide et efficaces,Bonne exp√©rience  rapide et efficaces ,4,2025-12-03T20:39:06.000Z
Mutuelle inutile,"Mutuelle qui ne rembourse pas une op√©ration des dents de sagesse. Malgr√© plusieurs appels et plusieurs envois de documents, ils refusent syst√©matiquement en pr√©textant que les documents ne sont pas bons. Nous allons √™tre oblig√©s de changer de mutuelle. Marre payer pour rien !",1,2025-12-03T18:39:57.000Z
Manon et une personne tr√®s r√©active,Manon et une personne tr√®s r√©active ,5,2025-11-28T18:20:05.000Z
Tr√®s bonne mutuelle,"Tr√®s bonne mutuelle, avec l'appli on arrive √† tout g√©rer en simplicit√©.",5,2025-11-26T22:29:58.000Z
Un manque de remboursement sur du‚Ä¶,Un manque de remboursement sur du dentaire du √† un non remboursement de la s√©curit√© sociale J‚Äôai compris d‚Äôo√π √ßa venait et tout a √©t√© r√©gularis√© sous 3 jours ..  presque 300 quand m√™me . ,5,2025-11-25T16:10:42.000Z
Je souhaitais rester adh√©rent d'Alan‚Ä¶,"Je souhaitais rester adh√©rent d'Alan apr√®s mon d√©part en retraite. Par n√©gligence, je n'ai pas fait le n√©cessaire avant la ""bascule"". Avec les conseils d'Alan, tout est rentr√© dans l'ordre ",5,2025-11-25T15:30:17.000Z
Tout est bon pour ne pas rembourser,"Ma fille a subi une op√©ration de dents de sagesse dans une clinique. On a du payer un d√©passement d'honoraires de 120 euros. Alan n'a pas voulu rembourser car il leur manque 2 codes de la s√©curit√© sociale. J'ai contact√© la clinique qui n'a jamais entendu parler de ces codes.Et pourtant, √† cot√© de cela, ils ont rembours√© la chambre particuli√®re pour cette m√™me op√©ration.  Ils ont donc la possibilit√© de savoir quel acte a subi ma fille. ",1,2025-11-25T14:39:25.000Z
La mutuelle du futur ,La mutuelle du futur : j'aime le fait que les remboursements soit simplifi√©s et tellement plus rapide je recommande,5,2025-11-22T00:31:25.000Z
Mauvaise exp√©rience avec le service client,"Bonjour,J‚Äôai tent√© d‚Äôobtenir une r√©ponse personnalis√©e d‚ÄôAlan‚Ä¶ mais visiblement, le bouton ""R√©ponse automatique"" a √©t√© bloqu√© sur ON.Chaque message de ma part recevait une r√©ponse standard, comme si un robot s‚Äôentra√Ænait √† dire ""Je reste disponible"" sans jamais lire ce qu‚Äôon lui √©crit.J‚Äôai expliqu√© ma situation, mon historique, mes besoins, mes comparatifs‚Ä¶En retour : un copier-coller vers la page des garanties.√Ä ce niveau-l√†, ce n‚Äôest plus du service client, c‚Äôest un renvoi syst√©matique vers la FAQ.Pendant que je cherchais un v√©ritable √©change, Alan me renvoyait poliment vers des liens.un concurent, lui, m‚Äôa r√©pondu avec un humain, un vrai, et un tarif adapt√©.A la fin j‚Äôai chang√© de mutuelle.Si Alan cherche une raison pour comprendre mon d√©part, elle se trouve quelque part entre ""r√©ponses g√©n√©riques"" et ""manque total d‚Äô√©coute"".Dommage, l‚Äôapplication est super‚Ä¶ mais on ne peut pas tout faire avec des emojis fleurs.",1,2025-11-19T12:38:31.000Z
L'application est tellement jolie et le‚Ä¶,L'application est tellement jolie et le parcours utilisateur est presque parfait ! Je trouve juste que la fonctionnalit√© des berries est un peu trop omnipr√©sente. Normalement ce n'est pas la fonctionnalit√© principale donc je sais pas si c'est tr√®s pratique qu'elle apparaisse directement √† l'ouverture. Sinon c'est quand m√™me tr√®s cool comme fonctionnalit√©. Bravo pour cette application compl√®te !,5,2025-11-18T11:37:15.000Z
Une demande d'aide exceptionnelle qui a‚Ä¶,Une demande d'aide exceptionnelle qui a √©t√© accord√©e pour une proth√®se dentaire provisoire non rembours√©e. Mails √† l'appui j'attends toujours le virement de 1325 euros afin de payer l'h√¥pital qui ne pas h√©siter √† me les r√©clamer. Service financier injoignable par les clients et par les conseillers qui ne peuvent rien faire. Je vais passer a la plus petite garantie (mutuelle de travail obligatoire) afin de m'en prendre une autre. A fuir. M√™me si je pensais que c'√©tait top cette prise en charge. Si alan bouge apr√®s l'√©crit de cette √©valuation je reverrais ma copie. ,1,2025-11-14T11:52:22.000Z
Mutuelle de l‚Äôarnaque ,Mutuelle de l‚Äôarnaque ! Ne rembourse pas ces assur√©s r√©sultat j‚Äôai pay√© en avant de frais 300e de lentilles alors que je cotise chaque mois. Je vous conseille de les signaler √† signal conso.,1,2025-11-10T17:58:47.000Z
Envoi rapide. SAV au top. Traitement √©clair ,L'envoi de document est rapide. Le traitement est √©clair et en cas de soucis un vrai contact humain est possible par mail avec un vrai engagement. Les r√©ponses aux questions pas comme la la secu qui r√©pondent a c√¥t√©. Et un r√©el suivi. Agr√©ablement surpris.,5,2025-11-10T12:46:35.000Z
Super mutuelle.,"Super mutuelle avec un site internet tr√®s intuitif, clair, facile d'utilisation et d√©taill√©. Excellent suivi des remboursements. Tr√®s reactif. J'ai choisi cette mutuelle il y a quelques mois et je n'ai aucun regret. Tarif correct pour les diff√©rentes prises en charge propos√©es.",5,2025-11-09T16:45:03.000Z
√âcoute chaleureuse,"√âcoute chaleureuse, professionnalisme et r√©activit√© ",5,2025-11-08T09:41:47.000Z
Fiable ,"Elle a su comprendre et r√©gler mon probl√®me sur le moment m√™me, j‚Äôai bien appr√©ci√© ! ",5,2025-11-05T17:17:07.000Z
Pas de standard t√©l√©phonique‚Ä¶,Pas de standard t√©l√©phonique regrettable et d√©plorable,1,2025-11-04T12:59:41.000Z
Une honte absolue.,"Une honte absolue.Alan m‚Äôa factur√© pr√®s de 800 ‚Ç¨ de ‚Äúr√©gularisation‚Äù pour une salari√©e en alternance rattach√©e √† sa m√®re, donc jamais r√©ellement couverte par LDWS.Malgr√© mes explications et preuves √† l‚Äôappui, aucune √©coute, aucune v√©rification, juste un pr√©l√®vement forc√© et un discours robotis√©.On parle ici d‚Äôune facturation r√©troactive sans service rendu.C‚Äôest simple : prise d‚Äôotage administrative d√©guis√©e en ‚Äúr√©gularisation technique‚Äù.Alan pr√¥ne la transparence ? Qu‚Äôils commencent par respecter leurs clients.Entreprise √† fuir pour tout employeur qui veut √©viter les ‚Äúsurprises‚Äù et les ‚Äúcorrections‚Äù post-contrat.LDWS ‚Äì client √©coeur√©.",1,2025-11-04T11:05:10.000Z
Souscription forc√©e et Vente de donn√©es personnelles,"Forc√© de passer chez eux √† la suite d'une d√©cision de mon employeur, une lecture rapide de leur site web et de leur politique de confidentialit√© ne donne pas envie de leur faire confiance.Concernant la politique de confidentialit√© : Alan transmet les donn√©es personnelles de l'utilisateur a ses partenaires... Une liste internationale avec des 'partenaires' tels que X, Google, Meta, Amazon mais aussi Spotify et tiktok (Quel int√©r√™t pour un site d'assurance ???) Une case √† d√©cocher existe pour refuser qu'Alan collecte et communique une partie de ces donn√©es mais elle est cach√©e en plein milieu d'un paragraphe en bas de la page de la politique de confidentialit√©.Notons aussi qu'Alan se veut une assurance √† la pointe de la technologie, poussant l'IA jusque dans les pages d'aide de son site qui fleurent bon le gpt5 et les chatbots qui vont 'tenter' de r√©pondre √† vos questions (et, je l'esp√®re, ne pas garder en m√©moire vos conversations ou les communiquer avec leurs d√©veloppeurs).",1,2025-11-04T10:26:01.000Z
Service client m√©diocre.,"Service client m√©diocre.Que dire de plus ? Je suis dirigeant d'une entreprise qui emploie 6 collaborateurs. Pour chaque collaborateur, nous versons chaque mois √† Alan le montant de la cotisation mutuelle + celui de la cotisation pr√©voyance.Quand on n'a pas besoin de les solliciter, RAS, l'appli est agr√©able, bien design√©e, les collaborateurs semblent satisfaits et tant mieux. Mais quand on demande, sur l'interface, √† activer la fameuse pr√©voyance pour que l'entreprise soit rembours√©e des maintiens de salaire vers√©s pendant les arr√™ts maladie, c'est une toute autre histoire.On passe par un chatbot sur lequel ce n'est jamais la m√™me personne qui vous r√©pond. Vous recevez ensuite un mail √† chaque message envoy√© en r√©ponse √† votre demande, sans que celle-ci ne progresse. Et quand vous cliquez sur le bouton ""Je souhaite √™tre rappel√© en 48h"", il ne se passe strictement rien. Pendant 48, 72, 96 heures, rien, vous pouvez patienter. On vante l'int√©gration avec Payfit comme un argument diff√©renciant. Au final, aucune liaison n'existe entre les deux SaaS, en dehors de la DSN. Les arr√™ts de travail doivent √™tre d√©clar√©s manuellement et les documents de Payfit ne sont pas conformes aux attentes d'Alan. Conflit de licornes.Le tout num√©rique a ses limites, surtout quand il est au m√™me tarif qu'un concurrent ""physique"" qui, lui, r√©pond au t√©l√©phone.Bravo pour le marketing, mais pour nous ce n'est pas suffisant.",1,2025-11-03T15:43:25.000Z
Une r√©activit√© en coh√©rence avec le‚Ä¶,Une r√©activit√© en coh√©rence avec le sujet le service client ,4,2025-11-01T15:03:40.000Z
Super SAV !!!!!,Super SAV !!!!!,5,2025-10-31T11:09:22.000Z
R√©activit√©,R√©activit√© ,5,2025-10-30T21:35:42.000Z
Une des meilleurs mutuelles ,"Une des meilleurs mutuelles ! Je la recommande totalement. 100% digitale, r√©active et remboursements des plus rapides. ",5,2025-10-27T23:04:44.000Z
"""Deny, delay, defend"" tout simplement ","Ils ne remboursent pas les m√©dicaments qui figurent sur la liste des articles qu'ils sont cens√©s rembourser, et lorsque vous demandez la raison, ils ne r√©pondent tout simplement pas. Il n'y a aucun moyen de les contacter de mani√®re efficace.",1,2025-10-27T18:10:31.000Z
une honte !,"Soci√©t√© d'assurance qui vend de la poudre d'escampette soi disant avec leur rapidit√© de remboursement, ce qui est vrai, mais seulement quand ils acceptent de rembourser ! je dois prendre un m√©dicament qui co√ªte cher tous les mois, m√©dicament prescrit par un m√©decin, apr√®s avoir demand√© des tonnes de documents et avoir laiss√© trainer les choses, ils refusent de rembourser le m√©dicament, me renvoyant chez un psy, un di√©t√©ticienne (alors que c'est justement un medecin g√©n√©raliste di√©t√©ticien qui me prescrit le m√©dicament). je ne peux malheureusement pas changer d'assurance car c'est l'assurance de mon travail, mais j'attends impatiemment qu'elle change, c'est juste une honte, je n'ai jamasi eu de probl√®me de la sorte avec une autre assurance! et j'esp√®re ne pas voir d'ici l√† une maladie grave ! ",1,2025-10-24T09:40:25.000Z
LE TRAITEMENT A ETE RAPIDE,LE TRAITEMENT A ETE RAPIDE,5,2025-10-23T13:48:16.000Z
Mutuelle impossible √† r√©silier en cas de changement de statut,"J‚Äô√©tais tr√®s satisfaite d‚ÄôAlan au d√©but : service fluide, interface claire, remboursements rapides et efficacit√© au rendez-vous.J‚Äôavais opt√© pour un contrat en tant qu‚Äôind√©pendante, mais ma situation professionnelle a √©volu√© : je suis d√©sormais salari√©e avec une mutuelle d‚Äôentreprise obligatoire, ce qui m‚Äôa conduite √† demander une r√©siliation anticip√©e.Mon contrat d‚Äôind√©pendante est aujourd‚Äôhui caduque, mais Alan refuse toujours de le r√©silier, en contradiction avec l‚Äôarticle L113-16 du Code des assurances, qui autorise explicitement la r√©siliation en cas de changement de situation professionnelle.R√©sultat : je paie deux mutuelles, alors que ce contrat n‚Äôa plus aucune raison d‚Äôexister dans ma nouvelle situation de salari√©e.‚Ä®C‚Äôest incompr√©hensible et d√©cevant de la part d‚Äôune entreprise qui se pr√©sente comme moderne, transparente et √† l‚Äô√©coute de ses assur√©s.Si vous changez de statut, attendez-vous √† un v√©ritable parcours du combattant, m√™me dans un cas pourtant parfaitement l√©gitime.",2,2025-10-23T12:39:54.000Z
Suivi du dossier r√©actif et complet‚Ä¶,"Suivi du dossier r√©actif et complet alors m√™me que la demande concernait mon ancienne mutuelle, qui, elle, n'a pas pris la peine de me r√©pondre.",5,2025-10-23T11:27:13.000Z
Efficacit√© ,La r√©ponse que j'avais pos√© concernant mon adh√©sion a √©t√© apport√© rapidement et justement ,5,2025-10-22T20:20:53.000Z
Remboursement rapide,"Remboursement rapide, service client efficace MAIS tr√®s mauvaise couverture (la pire de ma carri√®re) et hyper cher (et ils continuent d'augmenter)",2,2025-10-22T14:08:14.000Z
Tr√®s d√©√ßu par Alan,"Tr√®s d√©√ßu par AlanLe service ne fait que se d√©grader d‚Äôann√©e en ann√©e.Mais surtout, ils font du dumping. Ils proposent un tarif d‚Äôentr√©e raisonnable, pour ensuite l‚Äôaugmenter de 15% chaque ann√©e‚Ä¶",1,2025-10-22T10:12:25.000Z
Hausse injustifi√©e et d√©rive du mod√®le Alan,"Client Alan depuis ces d√©buts, je note une fois de plus une augmentation dispendieuse (2021, 2023, 2024, 2025...) des cotisations Alan. Alors que les Fran√ßais renoncent de plus en plus √† se soigner, vous osez justifier ces hausses par ¬´ l‚Äôaugmentation du co√ªt des soins ¬ª. C‚Äôest un raisonnement paresseux, ind√©cent, et symptomatique d‚Äôun syst√®me qui glisse lentement vers un mod√®le √† l‚Äôam√©ricaine, o√π la sant√© devient un luxe. La start-up Alan, celle qui voulait bousculer le march√©, simplifier les d√©marches et d√©fendre une offre claire et √©quitable, n‚Äôexiste plus. √Ä sa place, une mutuelle comme les autres, qui choisit la facilit√© en augmentant ses tarifs, tout en proposant des formules de remboursement √† la baisse. En c√©dant ainsi au confort du statu quo, vous creusez votre propre tombe : vous devenez exactement ce que vous pr√©tendiez combattre. Le plus consternant, c‚Äôest de voir Alan d√©penser des dizaines de milliers d‚Äôeuros dans des pseudo-services gadgets, inutiles pour 99 % des cotisants, pendant que vos promesses initiales disparaissent dans le brouillard. Ce sera la derni√®re ann√©e pour mon entreprise. Et je ne serai sans doute pas le seul √† tirer les m√™mes conclusions.",2,2025-10-20T13:59:11.000Z
Absence de service client,"Cela fait plus d‚Äôune semaine qu‚ÄôAlan me fait tourner en rond pour √©viter de proc√©der au remboursement de mes soins optiques (lunettes et lentilles). Ils pr√©tendent que les fichiers ne sont pas au format PDF et que le d√©compte de la S√©curit√© sociale ne justifie pas ma visite chez l‚Äôophtalmologue, ce qui est totalement faux. Honteux.",1,2025-10-20T10:59:22.000Z
Le service est juste insupportable,Le service est juste insupportable. Ce sont des √©changes mails interminables et vous demande de vous justicier surtout.J‚Äôai limite √† croire qu‚Äôils ne r√©pondent m√™me pas √† leurs obligations de conformit√© RGPD. Ils vous demandent des photos de vous et de vous justifier surtout.,1,2025-10-17T11:44:33.000Z
L‚Äôinefficacit√© en robe de mutuelle ,"Une demande simple, l√©gitime, document√©e‚Ä¶ et pourtant, Alan parvient √† la transformer en casse-t√™te administratif. Derri√®re des ¬´ analyses approfondies ¬ª et des proc√©dures opaques, on d√©couvre une strat√©gie bien rod√©e : retarder, diluer, d√©tourner. Le bon sens ? √âvacu√©. L‚Äôint√©r√™t du client ? Accessoire. Ce n‚Äôest plus de la gestion, c‚Äôest de l‚Äôobstruction. Une mutuelle qui ma√Ætrise l‚Äôart de l‚Äôinaction d√©guis√©e en professionnalisme. √Ä √©viter si vous cherchez r√©activit√©, clart√© et respect.",1,2025-10-17T04:53:59.000Z
CONTACT,NON JOIGNABLE PAR TELEPHONE - FORT DOMMAGE,3,2025-10-15T14:10:54.000Z
Enfin une mutuelle qui s'occupe‚Ä¶,"Enfin une mutuelle qui s'occupe vraiment de ses adh√©rents. Tout est simplement parfait, rapidit√© des remboursements, clart√© des informations communiqu√©es. Une appli vraiment ergonomique avec la possibilit√© d'avoir des conseils m√©dicaux . Avec Alan play je prends soin de ma sant√© de mani√®re simple et ludique. Un service client sympathique et efficace. Et cerise sur le g√¢teau un vrai engagement social avec la possibilit√© de faire un don √† des associations",5,2025-10-11T08:32:34.000Z
Mutuelle d'entreprise bas de gamme avec‚Ä¶,"Mutuelle d'entreprise bas de gamme avec un TR tr√®s bas et pourtant tr√®s co√ªteuse ! Avis au salari√©, si vous avez le choix, ne la prenez pas ! Sachez qu'ils n'appliquent pas l'accord tacite de portabilit√© pr√©vue par la loi puisqu'elle est ""sous condition"" chez eux. Votre couverture sera  mise en suspens d√®s votre sortie de l'entreprise. Il vous faudra joindre des justificatifs FT √† chaque d√©but de mois sur l'appli, si vous voulez continuer √† √™tre couvert. A ce titre des le 27 du mois votre contrat est mis en suspend jusqu'a la r√©c√©ption des pieces jutificatives FT. Document disponible en g√©n√©ral vers les 05 de chaque mois. Soyez donc vigilant quand au facturation √©diter durant ce laps de temps. Pratique douteuse √† mons sens et qui m√©rite d'etre soulign√© ici.",1,2025-10-10T11:24:29.000Z
ALAN mutuelle √† jeter,"La fumisterie dans toute sa splendeur, il suffit de regarder l'ensemble des r√©ponses d'ALAN""Bonjour,Nous prenons tr√®s au s√©rieux les difficult√©s que vous rencontrez et comprenons votre frustration. Nous voyons que vous √™tes actuellement en contact avec une personne de notre √©quipe, qui va vous accompagner pour r√©gler cela au plus vite. Merci pour votre compr√©hension.L'√©quipe Alan""A savoir que toutes les personnes qui ont √©t√© bern√©es par cette soci√©t√© ne sont m√™me pas √©cout√©es.A vomir ...",1,2025-10-09T16:42:27.000Z
FABULEUX,FABULEUX. JE RECOMMANDE VIVEMENT,5,2025-10-08T11:37:25.000Z
Alan est une mutuelle au TOP ,"Alan est une mutuelle au TOP ! Tant dans la rapidit√© des remboursements, l'ergonomie de leur application jusqu'√† leur messagerie automatique. L'acc√®s au soin devient facile gr√¢ce √† eux !!",5,2025-10-03T20:56:04.000Z
Exp√©rience d√©sastreuse et catastrophe industrielle,"Exp√©rience d√©sastreuse et une catastrophe industrielle jamais vu.J'ai souscrit pour mon entreprise un contrat Alan car la promesse de fluidit√© et d'exp√©rience utilisateur exceptionnelle promis m'a s√©duit.Et bien j'ai vite d√©chant√©:- Blocage de la mise en place de la t√©l√©transmission pendant de longues semaines pendant lesquels des soins importants n'ont pu √™tre r√©alis√©s pour assur√©s et ayant droit.- Rejet syst√©matiques du tiers payant pour le dentiste- E-mail culpabilisant suite au rejet du tiers avec accusation √† peine voil√© de chasse √† l'arnaque- Blocage de tout paiement des sp√©cialistes pendant des semaines (mois (2 mois en ce qui me concerne) avec demande sur l'application de valider que ce paiement a bien √©t√© fait par le patient au professionnel de sant√©... Bien s√ªr, pas de notification pour indiquer ce traitement manuel jamais vu chez aucune autre mutuelle/assurance sant√© ..J'ai pu √©changer √† propos d'Alan avec les professionnels de sant√© que je fr√©quente et m'ont confirm√© tous les probl√®mes qu'ils pouvaient avoir avec cette jeune et immature assurance priv√©.Je suis donc bloqu√© encore pendant 7 mois avec cette assurance priv√© incomp√©tente et je ne renouvellerai bien s√ªr pas l'exp√©rience l'ann√©e suivante.J'invite tout le monde √† la plus grande prudence avec celle-ci et √† privil√©gier une vrai mutuelle comme Macif, Aesio, Maaf, MAIF, MGEN, Harmonie,",1,2025-10-03T10:50:22.000Z
Aucun service,"Tr√®s pratique, sauf quand vous avez besoin d'eux. Client depuis plusieurs ann√©es avec mon entreprise, je cherchais √† changer d'offre et malgr√© leur service client ""tr√®s r√©actif"" personne n'est l√† pour r√©pondre et vous aider (√† part pour vous envoyer des petits √©mojis). Bref une vraie licorne... gonfl√©e avec du vent.",1,2025-10-02T13:36:19.000Z
Excellent service et conseil,Excellent service et conseil. Merci bcp !,5,2025-10-02T10:24:12.000Z
R√©active! ,Mutuelle tr√®s r√©active ! Que ce soit au niveau des r√©ponses √† nos questions ou au niveau des remboursements ! ,5,2025-10-01T20:32:28.000Z
Tr√®s contente de la prestation,"Tr√®s contente d'une r√©cente commande de produits couverts par mon forfait - site web facile √† naviguer, commande sans stress, livraison rapide, bonne communication avec le SAV pour v√©rifier que tout s'est bien pass√© - en bref, une Mutuelle √† recommender !",5,2025-10-01T11:03:26.000Z
Tr√®s bonne r√©activit√© et facile d'emploi,Tr√®s bonne r√©activit√© au niveau de la communication et des remboursements. Le site et l'application sont facile d'emploi et il est facile d'y trouver les informations recherch√©es.,5,2025-09-30T17:17:18.000Z
La meilleure mutuelle que j'ai eue.,"La meilleure mutuelle que j'ai eue.Une rapidit√© incroyable de remboursement (instantan√© sur le compte bancaire d√®s envoi de la facture), un service client sympathique et une interface de l'application tr√®s pratique. Beaucoup de contenu sant√© tr√®s utile. ",5,2025-09-30T15:46:27.000Z
"Commande de lentilles, 20 jours apr√®s, pas de nouvelles","Commande de lentilles pass√©e avec eux le 10 septembre. Aucune nouvelle de leur part 20 jours apr√®s, m√™me en contactant leur service client.D'ailleurs, leur service client, catastrophique (c'est une IA ?) Aucune information sur la commande, m√™me l'agente n'arrivait pas √† trouver ma commande, j'ai d√ª lui fournir toutes les infos pour au final me dire la m√™me chose que je savais d√©j√† : que dalle.Vraiment pas s√©rieux, je cherchais la commodit√© de recevoir mes lentilles rapidement dans mon domicile, mais c'est bien rat√©.",1,2025-09-29T15:24:02.000Z
Merci Alan c'est TOP.,Merci Alan c'est TOP.Communication professionnelle et r√©ponse assez rapide.Merci beaucoup.,5,2025-09-28T23:27:19.000Z
J‚Äôai choisi Alan il y a quelques mois‚Ä¶,"J‚Äôai choisi Alan il y a quelques mois apr√®s un √©change avec un commercial qui m‚Äôa orient√© vers l‚Äôoffre de base, en m‚Äôindiquant que je pourrais changer facilement si besoin. Ma fille devait commencer des soins d‚Äôorthodontie et je pensais √™tre couvert correctement.R√©sultat : je d√©couvre que les premiers soins me co√ªtent 600 ‚Ç¨ de ma poche. Impossible de modifier l‚Äôoffre une fois les soins engag√©s, et pas de r√©siliation possible avant un an. En plus, il a fallu plusieurs jours pour obtenir un rappel t√©l√©phonique.Est-ce que je recommande Alan ? Non.",1,2025-09-25T13:59:07.000Z
Professionnelle et bienveillante,Professionnelle et bienveillante ,5,2025-09-22T21:17:24.000Z
Je suis tr√®s satisfaite de cette‚Ä¶,Je suis tr√®s satisfaite de cette application trop styl√©e.Les conseillers tr√®s agr√©able efficace et a l'ecoute...tout est en ligne c'est super rapide et efficace üëåüèª merci beaucoup. üòä ,5,2025-09-19T18:21:05.000Z
UX tr√®s mal pens√© + prise en charge chaotique,UX tr√®s mal pens√©. Qaund vous faites une demande de remboursement √ßa marche une fois sur 2 car l'outilde reconnaissance est aux fraises et vous bloque par la suite. Et le support vous pouvez oubli√© de les avoir au t√©l√©phone alors qu'il le propose. Par contre pour faire des r√©ponses automatis√©s qui n'ont aucun sens aucun probl√®me.,2,2025-09-19T08:08:14.000Z
Alan et l'Outre-mer?,"Alan ne rembourse rien en Outre-mer et si remboursement il y a des frais bancaires en sus. Il faut faire leur travail √† leur place. Ils demandent des documents qu'avec d'autres mutuelles il n'y a jamais eu √† fournir.Un remboursement tiers-payant en attente depuis juillet 2025 toujours rien. Alors qu'avec la MGEN et Harmonie mutuelle les remboursements √©taient effectu√©s en 2 semaines sans demande de justificatifs √† part la facture.La r√©alit√© n'est pas la hauteur des promesses qu'Alan avait faites en 2024 pour l'Outre mer.Je paye plus cher pour moins de service. Pour ce que je paye √† Alan (mutuelle seulement) avec la MGEN j'avais la compl√©mentaire, la pr√©voyance et l'assurance voyage dans le monde entier. ",1,2025-09-15T21:24:56.000Z
r√©activit√© et suivi,Le suivi des dossier est parfait. la r√©activit√© est impressionnante!,5,2025-09-15T15:09:09.000Z
Une mutuelle qui p√©nalise ses assur√©s,"Bloquer la mutuelle et les remboursements de salari√©s pour une formalit√© est d√©j√† grave. Mais le plus incompr√©hensible, c‚Äôest de laisser tra√Æner la situation avec des mails automatiques au lieu de simplement appeler pour r√©gler le probl√®me en quelques minutes. R√©sultat : des salari√©s p√©nalis√©s, une situation absurde et un service client incapable d‚Äôagir avec s√©rieux.",1,2025-09-12T20:26:06.000Z
Plus rapide que la fibre,Incroyable : j‚Äôai envoy√© une facture pour un remboursement et l‚Äôargent est arriv√© en moins de 60 secondes ! J‚Äôai √† peine eu le temps de fermer l‚Äôappli ‚Äî mon iPhone n‚Äô√©tait m√™me pas encore verrouill√© ‚Äî que je recevais d√©j√† la notification de ma banque. Bravo Alan !,5,2025-09-12T12:48:20.000Z
Tr√®s bonne r√©activit√© et tr√®s √† l'√©coute,Tr√®s bonne r√©activit√© et tr√®s √† l'√©coute ,5,2025-09-10T11:09:13.000Z
Mutuelle fortement recommand√©e !,"Nouvelle mutuelle mais d√©j√† des points d'exp√©rience positive l√† o√π c'est de neutre √† poussif ailleurs.On peut r√©ellement parler d'exp√©rience √† part pour cette mutuelle, qui n'a rien √† voir avec les autres exp√©riment√©es jusque l√†.Entre une application aussi ludique qu'efficace et des services √† part : propre r√©seau de m√©decins, propre parc √† lunettes de vue (avec de jolies montures!) et un shop de produits sant√© qualitatifs.Le changement de mutuelle a √©t√© millim√©tr√©, inform√©s tout du long jusqu'au jour J. Aucun besoin de v√©rifier et encore moins de contacter pour une t√©l√©transmission pas mise en place.Tout √ßa avec une couverture int√©ressante pour un co√ªt moindre.Comment niveler l'univers des mutuelles vers le haut.",5,2025-09-09T16:13:30.000Z
J'ai √©t√© ravie d'avoir Alan comme mutuelle,J'ai souscrit Alan apr√®s la fin de ma portabilit√© et j'en ai √©t√© tr√®s satisfaite pendant ces 4 ann√©es.Les remboursements sont tr√®s rapides et les r√©ponses √† nos questions sur le chat parfaites aussi.Je serais rest√©e chez Alan si je n'avais pas eu une autre mutuelle obligatoire dans ma nouvelle entreprise.,5,2025-09-07T17:39:00.000Z
Appel t√©l√©phonique suite √† la fin d'un contrat Alan.,Personnel √† l'√©coute et agr√©able.,5,2025-09-06T09:05:45.000Z
Tr√®s bien ,Tr√®s bien Belle exp√©rience ,5,2025-09-05T18:17:04.000Z
Un service client de r√™ve !,Une personne de chez Alan m‚Äôa assist√© durant plusieurs jours suite √† un probl√®me qui n‚Äô√©tait m√™me pas de leurs faits. La personne m‚Äôa relanc√© et aid√© √† plusieurs reprises en r√©pondant tr√®s rapidement √† mes messages aussi bien le soir apr√®s 20h que le dimanche. Du jamais vu !,5,2025-09-04T21:36:30.000Z
Je suis une nouvelle adh√©rente d'Alan.,"Je suis une nouvelle adh√©rente d'Alan.Suite √† une erreur de ma part d√ª √† ma r√©cente adh√©sion, j'ai √©t√© √©cout√©e et tres bien renseign√©e. Le probl√®me a √©t√© r√©solu.L'application est agr√©able et ludique, il est facile de naviguer !Merci ! üòä ",5,2025-09-04T16:24:48.000Z
Solution rapide efficace apport√©e,Solution rapide efficace apport√©e ,5,2025-09-04T16:07:28.000Z
RELATION CLIENT,TRES PROFESSIONNEL,5,2025-09-04T15:46:59.000Z
Rapidit√© et efficacit√© ,Rapidit√© et efficacit√© ! Merci,5,2025-09-03T17:34:38.000Z
Super mutuelle ,Super mutuelle ! Remboursements ultra rapides ! Facilit√© pour transmettre les pi√®ces justificatives et excellente prise en charge. Et les charg√©s de client√®le au top !,5,2025-09-03T17:04:38.000Z
Pas capable de faire leur travail‚Ä¶,"Pas capable de faire leur travail lorsqu‚Äôon demande un devis et nous demande √† nous-m√™mes de chercher des informations sur Internet pour que eux leurs travails soient simplifi√©, Ne te rembourse pas √† 100 %, si il y a eu un incident de parcours, en gros c‚Äôest quand vous voyez pas votre m√©decin traitant (m√™me si on en a pas) avant de voire votre sp√©cialiste, c‚Äôest dingue. A fuire ! ",1,2025-09-01T21:41:18.000Z
CGLP,Les remboursements sont extr√™mement rapides. L'application est simple et tr√®s intuitive. Les r√©ponses aux √©ventuelles questions adress√©es par mail trouvent une r√©ponse rapide et personnalis√©e. ,5,2025-09-01T10:26:54.000Z
Alan d√©passe toutes mes attentes ,"Alan d√©passe toutes mes attentes : bien plus qu'une simple mutuelle, c'est un v√©ritable partenaire sant√©. Service exemplaire, gain de temps consid√©rable, parcours de soin simplifi√©. Quand une entreprise promet la qualit√© et livre le double, c'est suffisamment rare pour le souligner.",5,2025-08-30T09:12:05.000Z
Service client au top,"Service client au top. J'ai eu besoin d'un document sp√©cial, j'ai eu une r√©ponse par mail tr√®s rapidement.Ils ont r√©pondu √† toutes mes interrogations.",5,2025-08-29T10:14:20.000Z
C‚Äôest l‚Äôassurance du futur ,C‚Äôest l‚Äôassurance du futur ! Je suis RAVIE et le mot est faible rapidit√© efficacit√© application au top je recommande +++moi qui √©tait chez la pire avant AXA ici tout est trait√© en express vos remboursements sont trait√©s le jour m√™me ! ,5,2025-08-28T11:25:51.000Z
Un tr√®s bon √©change,La conseill√®re m'a donn√© des conseils pour d√©bloquer mon probl√®me et a donc pris du temps pour moi.,5,2025-08-26T10:49:46.000Z
Parfait rapide est efficace,Parfait rapide est efficace ,5,2025-08-25T17:47:22.000Z
l'√©quipe toujours √† l'√©coute avec la‚Ä¶,l'√©quipe toujours √† l'√©coute avec la prise en charge du probl√©matique ainsi que la r√©solution et la satisfaction de mon besoin,5,2025-08-20T17:56:29.000Z
Chat hyper r√©actif,"Chat hyper r√©actif, r√©ponse et solution apport√©e √† mon probl√®me en 5min chrono ! ",5,2025-08-19T15:33:32.000Z
"Des interlocuteurs ""humains"" ( dans‚Ä¶","Des interlocuteurs ""humains"" ( dans tous les sens du terme!) qui prennent le relais du bot quand n√©cessaire et assurent un suivi avec une efficacit√© et une r√©activit√© remarquables!",4,2025-08-15T11:22:16.000Z
Correction d'une erreur,"Alan m'a inform√©e manquer d'un document pour me rembourser alors que je l'avais envoy√©.Je l'ai signal√© par chat, et ai √©t√© rembours√©e le jour m√™me apr√®s √©change avec l'√©quipe alan",5,2025-08-14T14:20:39.000Z
A fuir : service client robotique,"J'ai √©t√© affili√© par obligation chez eux alors que mon contrat allait se terminer 2 semaines plus tard : √† fuir, ils font tout pour r√©cup√©rer ne serait-ce qu'une seule mensualit√© de cotisation malgr√© l'image client d√©plorable que cela laisse. Le service client ressemble √† une IA.",1,2025-08-14T13:56:18.000Z
Suite √† une demande demande de dispense‚Ä¶,"Suite √† une demande demande de dispense ou je m'√©tais tromp√© sur la date, j'ai eu des √©changes par mails et en dernier lieu un agent ALAN m'a contact√© par t√©l√©phone et le probl√®me a √©t√© r√©gl√© .Je consid√®re que ALAN est une mutuelle s√©rieuse",5,2025-08-12T17:54:32.000Z
Impossible de les contacter par t√©l√©phone soit tchat virtuel puis email et encore.,"Alan car c'est simple vous ne pourrez pas les contacter-&gt; un robot virtuel vous dissuadera d'allez plus loin....Donc bon courage pour une demande d'information ou faire une r√©clamation.Bizarrement beaucoup d'avis 5 √©toiles avec 1 seul avis, un peu comme les avis Google de resto avec des pseudo 4.6/5(9 avis 5 √©toiles pour noyer 1 mauvaise note) alors que ca ne vaut pas un 2/5.",1,2025-08-11T21:57:19.000Z
Gestion d√©plorable,"Gestion d√©plorableAyant Alan en surcompl√©mentaire, voil√† d√©j√† 2 mois que je me bats en leur transmettant tous les documents possibles de ma 1ere mutuelle et il y a TOUJOURS un probl√®me selon eux. Ma mutuelle principale ne sait plus quoi faire tant elle m'a fourni des documents ultra complets et syst√©matiquement r√©pondu de mani√®re positive aux diff√©rentes sollicitations farfelues d'Alan, qu'AUCUNE autre mutuelle ne leur a jamais demand√©... bref une tann√©e pour se faire rembourser, par contre quand il faut pr√©lever, comme d'hab c'est plus facile !!",1,2025-08-11T15:41:37.000Z
Alan et un mutuelle reactive ,Alan et un mutuelle reactive tr√®s a l'√©coute pour r√©soudre un probl√®me tr√®s sociable j'ai √©change avec une femme suite a un gros probl√®me d'une hospitalisation et a tr√®s vite r√©agi et reste proche du dossier pour suivre l'avancement et nous tien inform√© du bon fonctionnement je les remercie pour leur travail ,5,2025-08-08T11:26:55.000Z
Je ne connais pas de meilleure mutuelle‚Ä¶,Je ne connais pas de meilleure mutuelle avec un service de tout premier ordre . J‚Äôai 66 ans et ai connu quelques pseudo concurrents vraiment pas √† la hauteur. Alan is the best ,5,2025-08-06T15:33:24.000Z
Service client Express üëåüèª,"Un grand merci au service client Alan ! Tr√®s r√©actifs et √† l‚Äô√©coute, j‚Äôai eu une r√©ponse rapide et claire √† mon probl√®me. C‚Äôest vraiment appr√©ciable. üòä",5,2025-08-06T14:35:04.000Z
Rapide et efficace,Rapide et efficace ,5,2025-08-05T10:57:46.000Z
Les meilleurs ,Les meilleurs ! Hyper r√©actifs et professionnels. ,5,2025-08-02T12:16:29.000Z
Tr√®s agr√©ablement surprise,"Mon entreprise vient de m'inscrire √† cette mutuelle, je n'avais aucun mot de passe et aucune instruction.Je suis pass√©e par le chat, une personne m'a r√©pondu.Tr√®s professionnelle elle m'a expliqu√© les d√©marches, m'a averti qu'elle partait en pause mais qu'elle reprendrait notre √©change apr√®s d√©jeuner. Je trouve tr√®s agr√©able cet √©change tr√®s personnalis√© sans avoir besoin de tout r√©√©xpliquer et tr√®s bon conseil BRAVO",5,2025-08-01T14:31:32.000Z
J‚Äôai eu affaire √† Lucile dans le cadre‚Ä¶,"J‚Äôai eu affaire √† Lucile dans le cadre de mes d√©marches sur Alan. Elle a √©t√© vraiment tr√®s sympa, r√©active et disponible. Mes √©changes avec elle ont toujours √©t√© agr√©ables et efficaces. Merci encore pour son professionnalisme et sa gentillesse !",5,2025-07-31T12:35:44.000Z
Excellente r√©activit√© et rapidit√© de‚Ä¶,Excellente r√©activit√© et rapidit√© de traitement de mes demandes.Bravo pour la politesse des √©quipes,5,2025-07-30T14:52:28.000Z
"Quand c'est des acts ""standards""","Quand c'est des acts ""standards"", pas de probl√®mes, par contre, pour ceux qui ont, par exemple, des implants dentaires (c'√©tait mon cas), un fiasco dans la gestion...ils n'ont jamais les bon papiers, les demandes ne sont pas claires, in fine, ils me remboursent mais ensuite je dois leur rembourser un trop per√ßu...A c√¥t√©, j'ai Helium/MMA, pas forc√©ment plus cher, ils remboursent le double sur les implants et pas de probl√®mes de papiers...no comment",1,2025-07-26T12:07:02.000Z
Mutuelle au top,Personnel tr√®s r√©actif et agr√©able par t√©l√©phone.Remboursement tr√®s rapide.Mutuelle au top.,5,2025-07-24T19:45:48.000Z
Une mutuelle super r√©active et qui‚Ä¶,Une mutuelle super r√©active et qui rembourse au top. Tout se fait en ligne super,5,2025-07-24T17:53:32.000Z
Au top ,Les conseillers sont toujours tr√®s r√©actifs et tr√®s aimable Les paiements sont rapides C‚Äôest vraiment une mutuelle que je recommande √† 100%,5,2025-07-22T16:31:58.000Z
une exp√©rience catastrophique,"Remboursement : 0Attente : +60 jours√âcoute client : inexistanteChat : inutilisableR√©activit√© : absenteVoil√† 2 mois que j'attends un remboursement simple malgr√© l'envoi de toutes les pi√®ces justificatives :‚úÖ D√©comptes‚úÖ Ordonnance‚úÖ Photos‚úÖ Pi√®ce d‚Äôidentit√©‚úÖ Attestation‚úÖ ContratEt pourtant : toujours rien.Le service client est impossible √† joindre, que ce soit par mail ou via l‚Äôespace de messagerie. Le ""chat"" se contente de messages automatiques, sans aucun suivi humain.Pire : on me demande d‚Äôexpliquer en d√©tail mes soins m√©dicaux personnels, voire de transmettre des ordonnances, ce qui pose clairement question au regard du RGPD et du respect de la vie priv√©e.Je doute s√©rieusement de la l√©gitimit√© d'une mutuelle ou compl√©mentaire sant√© √† exiger ce niveau d'intrusion m√©dicale pour bloquer un remboursement ‚Äî surtout lorsque la garantie est claire et valid√©e.üö´ Employeurs, RH, CSE : fuyez ce type de mutuelleLa Qualit√© de Vie au Travail commence par une mutuelle fiable et humaine, pas par une plateforme qui invisibilise les assur√©s et bloque les remboursements sans motif.Alan, c‚Äôest peut-√™tre joli sur le papier, mais concr√®tement, quand vous √™tes malade, en attente, ou que vous comptez sur votre mutuelle pour partir sereinement en vacances : elle n‚Äôest pas l√†.Je d√©conseille tr√®s fortement cette solution, tant pour les particuliers que pour les entreprises.",1,2025-07-22T11:42:40.000Z
Parfait ,Parfait ! Tr√®s efficace !,5,2025-07-17T18:24:49.000Z
c'est beaucoup plus facile quand on‚Ä¶,c'est beaucoup plus facile quand on finit par vous appeler pour nous aider √† naviguer dans l'application.,4,2025-07-12T02:08:44.000Z
Parfait tr√®s bonne mutuelle,Parfait tr√®s bonne mutuelle ,5,2025-07-11T17:05:11.000Z
Service client qui se d√©grade c'est dommage,"J'utilise Alan depuis 10 ans, malheureusement il est de plus en plus compliqu√© d'avoir des remboursements 'classiques', j'ai du envoyer 10 email depuis 1 mois pour me faire rembourser des lentilles mais aucune nouvelle.. Le mois dernier j'ai re√ßu un remboursement cardiologue en une demi journ√©e. La qualit√© devient al√©atoire. ",2,2025-07-11T16:08:38.000Z
Tr√®s bonne mutuelle,"Tr√®s bonne mutuelle, √† l'√©coute de leurs clients, une question ? Ils vous r√©pondrons dans les minutes qui suivent, au top üëçüëç",5,2025-07-09T18:05:30.000Z
Avec Alan tout est rapide efficace en‚Ä¶,Avec Alan tout est rapide efficace en plus on vous r√©pond sur le champ,5,2025-07-09T16:14:51.000Z
Ce que j'appr√©cie le plus chez Alan‚Ä¶,"Ce que j'appr√©cie le plus chez Alan c'est la rapidit√© de traitement des remboursements et autres d√©marches. La plupart du temps tout est automatique, et quand √ßa ne l'est pas, on peut facilement r√©soudre les probl√®mes avec leur service client qui est tr√®s r√©actif.",5,2025-07-08T10:48:57.000Z
Renseignements ,"J'ai envoy√© un mail pour une n'information et j'ai eu une r√©ponse rapidement, clair et pr√©cis.",4,2025-07-07T11:40:58.000Z
rapidit√© de r√©ponse √† un message,"les r√©ponses aux messages sont rapides, claires et pr√©cises, et surtout, parfaitement courtoises (ce qui, pour ce dernier point, n'est pas toujours le cas sur d'autres sites commerciaux)et les remboursements sont toujours tr√®s rapides, mais ce n'√©tait pas l'objet de cette exp√©rience",5,2025-07-04T17:32:10.000Z
Catastrophique,"Catastrophique! la pire mutuelle qui soit, ils ont tous les documents depuis 1 mois, d√©compte s√©cu m√©decin, d√©compte s√©cu lunettes, facture et bon de livraison lunettes, ils ont tout, 0 remboursement, je ne sais plus quoi faire !! T√©l√©transmission du 5 mai 2025 !!! ",1,2025-06-30T18:08:58.000Z
Alan TNS depuis 2 ans,"Alan TNS depuis 2 ansRemboursements ultra rapides, super simple √† souscrire (c'√©tait parfait pour moi √† l'√©poque). C'est vite cher en famille par contre, mais pour moi tout seul qui suis ""jeune"", c'est parfaitement acceptable (en madelin). Les garanties sont bonnes : on peut trouver mieux, bien s√ªr, mais probablement pas avec une telle fluidit√©.",5,2025-06-27T13:52:46.000Z
Une rapidit√© de remboursement‚Ä¶,Une rapidit√© de remboursement incroyable !,5,2025-06-27T12:23:05.000Z
Echange sur un clip solaire pour lunettes de vue ,"Excellent relationnel √† l'√©coute et r√©actifs, d√©cid√©ment nous avons enfin une mutuelle sant√© au top ! ",5,2025-06-24T20:30:53.000Z
Tr√®s r√©actif et tr√®s bonne relation‚Ä¶,"Tr√®s r√©actif et tr√®s bonne relation client : une aide personnalis√©e qui se poursuit tant que les situations probl√©matiques auxquelles vous √™tes confront√© ne sont pas solutionn√©es.Idem pour les remboursements qui se font rapidement, bien plus que la s√©curit√© sociale.Apr√®s avoir eu plusieurs mutuelles et assurances, je peux dire qu‚ÄôAlan fait diff√©rence.",5,2025-06-22T23:58:12.000Z
Je recommande particuli√®rement,"Je recommande particuli√®rement. Depuis environ 5ans je suis chez Alan. Tout est rapide simple dans les √©changes, transmissions et remboursements. Service clients hyper r√©actif et en plus super sympa. Pas forc√©ment les meilleurs sur toutes les formules mais au top sur le service c'est important.",5,2025-06-20T23:22:37.000Z
J'avais un blocage au niveau de‚Ä¶,J'avais un blocage au niveau de l'anticipation des lunettes j'ai contact√© alan juste par le chat honn√™tement c'√©tait tr√®s rapide et efficace Mon probl√®me est r√©gl√© de suite j'√©tais inqui√®te car je pouvais pas appeler par t√©l√©phone mais a 2 reprises aussi pour mon arr√™t maladie c'√©tait super rapide et efficace Merci ,5,2025-06-19T21:04:59.000Z
augmentation du remboursement annonc√©,"Alors qu'on me r√©clame un trop per√ßu de 309‚Ç¨34, mon interlocuteur ALAN m'indique un montant de 350‚Ç¨66 √† rembourser. Il a fallu que je les alpague sur plusieurs mails pour obtenir un d√©compte et une explication du trop per√ßu. Et maintenant c'est sur le montant qu'il y a un diff√©rentiel.Je d√©conseille cette mutuelle, n'ayant jamais eu de probl√®mes de cet ordre avec une autre mutuelle durant mon parcours.",1,2025-06-12T23:25:02.000Z
De la poudre aux yeux ,Les services sont rapides et l‚Äôapplication tr√®s pratique MAIS ne rembourse rien. Vraiment de l‚Äôargent jet√© par les fen√™tres car ne couvre rien.,2,2025-06-12T11:02:21.000Z
Refus de r√©siliation alors que j'arr√™te mon activit√© principale,"EDITJe modifie mon avis car j'ai eu des explications sur la politique de la mutuelle, que je comprends beaucoup mieux. Je trouve vraiment dommage de pas offrir les m√™mes conditions de r√©siliation que les concurrents, mais j'appr√©cie beaucoup que ma demande ait √©t√© trait√© avec s√©rieux, et il est vrai que j'√©tais dans un cas tr√®s particulier (je ne veux pas fermer mon activit√© d'artiste qui constitue une activit√© TNS).EXTRAIT ORIGINALAttention Alan est la seule mutuelle √† ne pas consid√©rer la reprise d'un emploi salari√© avec mutuelle obligatoire comme un motif de r√©siliation la premi√®re ann√©e.",4,2025-06-09T13:49:50.000Z
Rapidit√© de remboursement ,"Rapidit√© de remboursement √âchanges par chat,c'est top !",5,2025-06-05T13:21:22.000Z
Tr√®s efficace,"Tr√®s efficace, UX simple et compr√©hensible. Notifications lorsqu'il y a des documents √† ajouter. ",5,2025-06-02T10:29:27.000Z
Tr√®s r√©active lors des diff√©rents‚Ä¶,Tr√®s r√©active lors des diff√©rents probl√®mes.,5,2025-06-02T10:12:20.000Z
Meilleure des mutuelles ,Cette mutuelle est super. La meilleure que j‚Äôai eu depuis le d√©but de ma carri√®re professionnelle.Remboursement hyper rapide. Tr√®s bonne prise en charge. La possibilit√© de pouvoir √©changer avec des m√©decins via le chat y compris le dimanche et les jours f√©ri√©s m‚Äôa grandement aid√© et √† plusieurs reprises. Je suis ravie de cette mutuelle ,5,2025-06-01T13:54:53.000Z
C‚Äôest une arnaque g√©ante,"C‚Äôest une arnaque g√©ante, lorsque vous d√©clarez un salari√© sorti sur votre DSN si en plus vous n‚Äôallez pas sur leur site, il continue de facturer l‚Äôemployeur, mutuelle √† fuir!!!! En plus les personnes qui travaille l√† bas, avec leur esp√®ces d‚Äôemoji avec des mains qui font coucou dans leur alors que vous √™tes m√©contents d‚Äôeux, pour un employeur, rien n‚Äôest bien chez eux, nul de nul, je n‚Äôaurais jamais cru mais je conseille Klesia‚Ä¶",1,2025-05-30T14:47:18.000Z
Alan a r√©volutionn√© mon exp√©rience de‚Ä¶,"Alan a r√©volutionn√© mon exp√©rience de l'assurance sant√© depuis que mon entreprise a opt√© pour leurs services. Une v√©ritable bouff√©e d'air frais dans un secteur souvent synonyme de frustrations !Leur service client m√©rite tous les √©loges : r√©actif, comp√©tent et v√©ritablement √† l'√©coute. Chaque interaction est un plaisir, loin des labyrinthes t√©l√©phoniques et des r√©ponses standardis√©es auxquels nous sommes trop souvent habitu√©s.Les remboursements sont trait√©s avec une efficacit√© remarquable : jamais le moindre souci, jamais la moindre contestation injustifi√©e.L'application est g√©niale, proposant une gamme de services parfaitement int√©gr√©s qui simplifient consid√©rablement le suivi de mes soins.Alan incarne parfaitement ce que devrait √™tre une assurance sant√© moderne : simplicit√© dans les processus, bienveillance dans les relations humaines, et rapidit√© dans l'ex√©cution.Une r√©f√©rence absolue qui m√©rite amplement ces cinq √©toiles. Bravo Alan !",5,2025-05-26T10:44:13.000Z
Formidable ,Merci Support rapide et efficace ,5,2025-05-23T14:21:47.000Z
Remboursements,BonjourSuite √† une probl√®me de remboursement j‚Äôai envoy√© divers mails (17) et ouvert diff√©rent chat. Grace a la bienveillance de Lou-Ann qui a bien voulu √©couter et comprendre le probl√®me elle l‚Äôa transmis au service concern√© et a continu√© √† suivre jusqu‚Äôau remboursement. Un grand merci √† Lou-Ann pour sa patience et pers√©v√©rance ,4,2025-05-22T08:50:00.000Z
Service client √† l'√©coute,"Alan est la mutuelle obligatoire Alan propos√© par le travail. J'ai √©chang√© par chat pour avoir des renseignements sur l'offre de remboursement de soins propos√©e. J'ai beaucoup insist√©, pour √©claircir certains points. Chaque demande a √©t√© trait√©e avec diligence. Je remercie tout particuli√®rement Emilie pour son professionnalisme, sa rigueur, sa patience, s'√™tre assur√©e √† chaque fois de la satisfaction de mes requ√™tes. ",5,2025-05-21T19:40:08.000Z
Contact agr√©able,"Contact avec le charg√© de client√®le aimable, courtois. Il a pris le temps de m'expliquer les diff√©rents points abord√©s. Il s'est assur√© que je n'ai plus de questions avant de cl√¥turer la communication.",5,2025-05-21T16:55:54.000Z
P√©nalit√© sur un examen ,"Suite √† un soucis sur un remboursement, j'ai eu une personne par t√©l√©phone qui a √©t√© tr√®s aimable et qui m'a bien expliqu√© la marche √† suivre pour r√©soudre le probl√®me ",4,2025-05-21T16:08:51.000Z
Une mutuelle remarquable,"Il est rarissime d'avoir une mutuelle de cette qualit√© : remboursements incroyablement rapide, une application tr√®s ludique et facile d'utilisation et un suivi client tr√®s rapide, sympathique et s√©rieux ! vraiment une belle surprise, qui m√©rite d'√™tre not√©e",5,2025-05-21T11:32:50.000Z
Bienvenu dans les Hunger Games,ALAN est une assurance obligatoire qui ne respecte pas les garanties auxquelles nous souscrivons et qui nie quand nous fournissons toutes les preuves. Cette assurance ne rembourse jamais en int√©gralit√© les frais engag√©s. Si votre employeur signe chez eux pas de chance pour vous! Et pour les tarifs pratiqu√©s il n'a rien de bien exceptionnel.,1,2025-05-21T08:48:25.000Z
Ils sont tres r√©actifs ils r√©pondent‚Ä¶,"Ils sont tres r√©actifs ils r√©pondent tr√®s rapidement et essayent de cibler le probl√®me pour le r√©soudre ils sont de bons conseils, je suis chez alan depuis debut 2024 je n‚Äôai jamais eu de soucis sauf si la s√©cu en pr√©sente un, voila tout ü•∞ merci a Louis",5,2025-05-21T03:24:58.000Z
Une mutuelle avec une √©quipe de conseillers au top,Les conseillers Alan sont tr√®s professionnels. Ils r√©pondent √† toutes les questions avec rapidit√© et professionnalisme.Les d√©lais de remboursement sont tr√®s tr√®s courts.Alan est une super mutuelle !!!,5,2025-05-20T17:52:22.000Z
R√©activit√© du suppprt,"R√©activit√© du suppprt, excellente couverture ",5,2025-05-20T16:38:16.000Z
Une horreur.,"Une horreur.Le sav met de longues heures √† vous rappeler et gare √† vous, si vous ratez l‚Äôappel.De plus, ils appliquent mal les garanties.",1,2025-05-20T10:26:40.000Z
Tr√®s mauvaise exp√©rience avec le SAV de‚Ä¶,Tr√®s mauvaise exp√©rience avec le SAV de cette entreprise,1,2025-05-14T15:53:05.000Z
On est pas des robots,"Personnels comp√©tents et √† l √©coute de ses clientsLe seul point n√©gatif que je reproche √† ALAN,c est de pas communiquer par telephone",3,2025-05-11T14:29:37.000Z
√âcoute et r√©activit√©s !,√âcoute et r√©activit√©s !,5,2025-05-10T07:26:40.000Z
Une mutuelle efficace et r√©active !,"Tout le monde est gentil, courtois, tr√®s r√©actif et tr√®s efficace ! Tout est parfait ! On se soucie de l'adh√©rent. La situation est tellement diff√©rente en comparaison avec les mutuelles fran√ßaises : il faut demander plusieurs fois un remboursement avant de l'obtenir.Merci pour votre efficacit√©. Depuis le 01/04/2025 que ma portabilit√© a d√©but√©e et jusqu'√† mon dernier contact avec vous entre le 5 et 6 mai dernier, tout s'est pass√© dans la gentillesse et la bienveillance. Merci.",5,2025-05-08T11:32:28.000Z
Echange tr√®s professionnel,Echange tr√®s professionnel ,5,2025-05-07T16:33:36.000Z
Meilleure mutuelle.,Meilleure mutuelle.Service client hyper r√©actif et toujours d‚Äôune grande aide. Merci Alan ,5,2025-05-06T18:25:58.000Z
√Ä l‚Äô√©coute des adh√©rents ,√Ä l‚Äô√©coute des adh√®re ,5,2025-05-06T11:35:09.000Z
NON REMBOURSEMENT des soins ,"J‚Äôai lu tout les mauvais commentaires et nous sommes confronter aux m√™mes faits un non remboursement des soins avec Alan. Nous payons une mutuelle pour qu‚Äôelle ne prennent aucuns soins, du coup avance des frais et quand on envoie le devis‚Ä¶ pas de remboursement, en plus ils m harc√®lent ma mail pour un trop per√ßu de 21‚Ç¨ e sort de nulle part, j‚Äôai eu une fois une personne au t√©l√©phone qui m‚Äôa dis que ce n‚Äô√©tait pas eux mais les organismes de sant√©, alors que c‚Äôest eux qui rejette les organismes de sant√©. Vraiment si je savais mutuel de travail ou pas j‚Äôaurai pas √©t√© vers eux √Ä √âVITER!!!!",1,2025-05-05T12:40:17.000Z
"Mutuelle malhonn√™te, adh√©sion √† √©viter","Alan a tout mis en ≈ìuvre pour √©chapper √† ses obligations de remboursement, en avan√ßant des motifs infond√©s, et ce malgr√© de nombreux √©changes. Le sinistre concernait une urgence vitale, avec une hospitalisation prolong√©e qui n‚Äôoffrait aucune marge de choix quant aux conditions d‚Äôh√©bergement, aboutissant √† des frais particuli√®rement √©lev√©s.Apr√®s de longues semaines de d√©marches infructueuses, nous n‚Äôavons obtenu aucun remboursement. Le service client est impossible par t√©l√©phone seulement par chat avec des conseillers √† chaque fois diff√©rents, ce qui emp√™che tout √©change constructif pour clarifier la situation ou transmettre des √©l√©ments explicatifs.Le manque de transparence et l'absence de r√©elle assistance sont inacceptables pour une mutuelle.Je d√©conseille vivement cette assurance. √Ä fuir.",1,2025-05-04T14:20:06.000Z
Mutuelle √† fuir !,"Mutuelle √† fuir !Toujours de tr√®s bonnes excuses pour ne pas rembourser.Aucun moyen de discuter avec un conseiller (qui ont tous le m√™me pr√©nom √©tonnamment !), mails automatiques / g√©n√©r√©s par l'IA en simple r√©ponse.Ce sont des voleurs.",1,2025-05-02T11:14:54.000Z
Maintenant hors de prix et surtout malhonn√™tes et de mauvaise foi. Attendez vous a ne pas recevoir tous les remboursements dus. ," Outre une explosion du prix de presque 100% en 5 ans, Alan fait tout pour s'exon√©rer des remboursements dus en utilisant des motifs fallacieux. Si il vous arrive quelquechose de grave ou n√©cessitant une op√©ration lourde, attendez vous √† ne pas obtenir les garanties qui sont dues. C'est profond√©ment malhonn√™te et les conseillers sont vraiment de mauvaise foi. Je d√©conseille fortement.",1,2025-05-01T12:07:29.000Z
R√©actif et tr√®s pr√©sent durant toute la‚Ä¶,R√©actif et tr√®s pr√©sent durant toute la d√©marche afin de trouver toutes les solutions ,5,2025-04-30T11:13:18.000Z
"Rapide, efficace et professionnel  ","Une lenteur de traitement de dossier du professionnel de sant√©, (+ de 10 jours) un mail √† Alan le matin, le remboursement sur le compte bancaire l'apr√®s-midi.BRAVO",5,2025-04-29T13:52:13.000Z
R√©ponse rapide via le chat,"R√©ponse rapide via le chat. Emeline a √©t√© tr√®s patiente et agr√©able avec moi. En quelques heures (le temps de r√©cup√©rer toutes les infos n√©cessaires aupr√®s d‚Äôautres organismes de sant√©), mon probl√®me √©tait enti√®rement r√©solu ! Merci pour votre gentillesse et votre r√©activit√©",5,2025-04-28T18:21:13.000Z
Mutuelle mal honn√™te,"Remboursements lents, et mutuelle mal honn√™te : les factures sont tr√®s souvent rejet√©es afin de vous d√©courager de vous faire rembourser. Les √©changes sont fastidieux et il est impossible d'avoir un support client en direct au t√©l√©phone, tout passe par un chatbot ou aux mieux par mail. A √©viter √† tout prix  ",1,2025-04-28T11:40:02.000Z
Tr√®s satisfaite ,R√©ponse toujours tr√®s rapide et claire par le support d‚ÄôAlan (via l‚Äôapplication mobile),5,2025-04-25T14:27:12.000Z
Tr√®s facilement joignable,"Tr√®s facilement joignable, des r√©ponses rapides et pr√©cises.Franchement MERCI !!!",5,2025-04-25T10:14:44.000Z
Tr√®s r√©actifs et efficace,"Tr√®s r√©actifs et efficace. Les r√©ponses sont rapides, claires . Parfait!",5,2025-04-23T09:10:32.000Z
Ma demande a √©t√© trait√©e avec rapidit√©‚Ä¶,Ma demande a √©t√© trait√©e avec rapidit√© et professionnalisme.,5,2025-04-22T12:17:12.000Z
Personne tr√®s r√©actif et compr√©hensif‚Ä¶,Personne tr√®s r√©actif et compr√©hensif ma demande a vite √©tais pris en charge.Merci ,5,2025-04-22T09:43:38.000Z
Un tr√®s bonne mutuelle,"Un tr√®s bonne mutuelle, r√©active, rapide et simple d'utilisation. ",5,2025-04-18T12:58:26.000Z
Trop ch√®re et rembourse mal,Bonne app mais mensualit√©s trop ch√®re (x2 que celle de ma compagne) et rembourse moins bien les frais de sant√© que la concurrence. Bof je m'attendais √† rien avec eux et je suis quand m√™me d√©√ßus.,2,2025-04-16T19:05:23.000Z
J'ai d√©couvert ALAN par le biais de mon‚Ä¶,"J'ai d√©couvert ALAN par le biais de mon employeur, et nous avons trouv√© cette mutuelle au "" TOP "", je dirais m√™me "" HYPER TOP "", tant sur la communication et les √©changes, que sur la prise en charge des remboursement. Nous aurions pu mettre les 5 √©toiles, mais ..., malgr√© la portabilit√© suite √† l‚Äôarr√™t d'activit√© de mon employeur, nous ne pouvons pas rester chez ALAN, et devons partir pour une autre mutuelle. C'est sinc√®rement un grand regret de les quitter, et je la recommande vivement √† tous ceux qui peuvent y adh√©rer.  Bonne continuation √† l'√©quipe ALAN, et MERCI pour la qualit√© de votre travail.",4,2025-04-16T08:53:15.000Z
Parfait,"Paiement rapide, fiable et bonne couverture ",5,2025-04-16T08:00:49.000Z
Les membres du personnel de Alan sont‚Ä¶r√©actifs,"Les membres du personnel de Alan sont tr√®s r√©actifs! L'application sur le t√©l√©phone est top et facile, programme dos int√©ressant. B√©mol, pas de remboursement pour un psychoth√©rapeute ou psychologue qui n'est pas sur la liste de la CPAM...?! Alors que ceux mentionn√©s sur la liste et dont 8 s√©ances seraient rembours√©es par Alan, ne sont pas accessibles, ne r√©pondent pas... ou message vocal qui informe qu'ils ne prennent plus de nouveaux patients..! Je ne comprends pas pourquoi Alan ne pr√©voit pas un remboursement pour tous les psychologues ou psychoth√©rapeutes, √ßa n'a pas de sens.",4,2025-04-15T10:58:27.000Z
tr√®s bonne r√©activit√© aux r√©ponses,tr√®s bonne r√©activit√© aux r√©ponsesun grand merci ,5,2025-04-14T10:26:17.000Z
Utilisation chat service client,"Si pas de service client par t√©l√©phone, m√™me si trouver le bouton aide/contact n'a pas √©t√© facile √† trouver, r√©ponse rapide et efficace par chat.",5,2025-04-08T16:57:50.000Z
La meilleure mutuelle ,"La meilleure mutuelle ! Tr√®s √† l'√©coute, appli tr√®s claire pour les remboursements, c'est le jour et la nuit avec mes mutuelles pr√©c√©dentes ! Je recommande chaleureusement ! ",5,2025-03-27T11:27:11.000Z
Apr√®s avoir pris des lunettes et des‚Ä¶,"Apr√®s avoir pris des lunettes et des lentille chez mon opticien, celui ci ayant √©t√© r√©gl√© par le tiers payant, Alan m a harcel√© pendant des semaines pour me r√©clamer un trop per√ßu. Tous les r√®glements ont √©t√© fait directement √† l opticien par le tiers payant‚Ä¶.Aucun consid√©ration. Aucun appel explicatifMutuelle √† √©viter Notre soci√©t√© va s√ªrement la r√©silier √©tant que mutuelle d entreprise ",1,2025-03-24T08:59:06.000Z
Incompr√©hensible,J'avais une tr√®s bonne exp√©rience avec cette mutuelle jusqu'√† ce que celle ci d√©cide de ne plus me rembourser les 30 euros de m√©decine douce auquel j'ai le droit (4 s√©ances). M√©diocre.,1,2025-03-19T10:16:53.000Z
Excellente prise en charge des‚Ä¶,Excellente prise en charge des demandes. R√©activit√© et professionalisme. Alan vous r√©pond m√™me le week-end ! Je recommande ,5,2025-03-18T12:59:01.000Z
La pire des mutuelles ,La pire des mutuelles . Ils font tout pendant plusieurs mois pour ne pas payer mes indemnit√©s journali√®res ! Nous pouvons m√™me pas communiquer avec des conseillers c‚Äôest des robots qui r√©pondent √† leur place . C‚Äôest impossible d‚Äôavoir un bon suivi . Je d√©conseille fortement cette mutuelle. ,1,2025-03-15T11:21:13.000Z
R√©ponse rapide,"R√©ponse rapide, claire , disponibilit√©  et transparence du conseiller.Je recommande ",5,2025-03-13T13:52:06.000Z
Service client au top,"J'avais un probl√®me de souscription √† mon contrat car un ancien employeur n'avait pas mis fin √† mon pr√©c√©dent contrat.L'√©quipe support a √©t√© au top pour r√©soudre mon probl√®me tr√®s rapidement. Super disponibilit√©, retours rapides, et gestion efficace.Ca √† beau √™tre une assurance digitale, j'ai pu parler √† un humain beaucoup plus facilement que dans beaucoup d'autres assurances traditionnelles.Merci √† l'√©quipe Alan!",5,2025-03-13T11:57:13.000Z
Bon dialogue avec la personne du chat‚Ä¶,Bon dialogue avec la personne du chat qui a su r√©pondre tr√®s rapidement √† toutes mes questions ,5,2025-03-12T18:10:15.000Z
J'√©tais chez eux,"J'√©tais chez eux, pas ouf... cher et les m√©decines douces pas bien rembours√©es",2,2025-03-12T18:08:10.000Z
Pour moi √† fuir te permet de me‚Ä¶,Pour moi √† fuir te permet de me recontacter 2 ans apr√®s un remboursement en me mena√ßant de m'imposer de le rembourser ce qu'ils ont vers√© soit plus de 2000 ‚Ç¨. Si je refuse de leur transmettre des documents li√©s au secret m√©dical sachant que tous les documents n√©cessaires ordonnance du m√©decin devis facture sign√©e l'auront d√©j√† √©t√© transmis il r√©clame encore des documents li√©s au secret m√©dical,1,2025-03-12T17:53:39.000Z
Une excellente mutuelle d'entreprise.,"Bonjour, la mutuelle d'entreprise ALAN est la meilleure mutuelle que j'ai eu jusqu'√† pr√©sent. Des applications modernes, un service client r√©actif, la t√©l√© consultation m√©dicale possible. Une excellente mutuelle, je recommande vivement.",5,2025-03-11T10:00:35.000Z
Nouvellement adh√©rente,"Nouvellement adh√©rente, le pb de t√©l√©transmission a tr√®s rapidement √©t√© activ√©. Belle r√©activit√© de l'√©quipe ALAN.",5,2025-03-08T00:27:15.000Z
"simple, rapide, efficace","il n'a jamais √©t√© aussi facile de communiquer avec sa mutuelle et de se faire rembourser. La plupart des cas se traitent en automatique et sinon, les √©quipes d'Alan sont disponibles imm√©diatement par chat et sont tr√®s comp√©tentes. Seul b√©mol : pas trouv√© le chat sur l'application web, j'utilise donc le mobile",5,2025-03-07T19:45:28.000Z
